Disease,Symptom_1,Symptom_2,Symptom_3,Symptom_4,Symptom_5,Symptom_6,Symptom_7,Symptom_8,Symptom_9,Symptom_10,Symptom_11,Symptom_12,Symptom_13,Symptom_14,Symptom_15,Symptom_16,Symptom_17
(vertigo) Paroymsal  Positional Vertigo, yellow_urine, fatigue, congestion, abdominal_pain, obesity, cough, phlegm, runny_nose,,,,,,,,,
Hepatitis C, family_history, chills, enlarged_thyroid, excessive_hunger,itching, inflammatory_nails, mood_swings,,,,,,,,,,
Chicken pox, irregular_sugar_level, shivering, swollen_legs, bloody_stool, pain_behind_the_eyes, loss_of_appetite, patches_in_throat, blackheads, rusty_sputum, visual_disturbances,,,,,,,
Hypoglycemia, dehydration, scurring, phlegm, bloody_stool, abdominal_pain, blurred_and_distorted_vision, indigestion, swelling_of_stomach, abnormal_menstruation,,,,,,,,
Dengue, swollen_blood_vessels, fatigue, puffy_face_and_eyes, silver_like_dusting, yellowing_of_eyes, swelling_of_stomach, patches_in_throat, cold_hands_and_feets,,,,,,,,,
Typhoid, muscle_pain, malaise, nausea, bloody_stool, muscle_weakness, passage_of_gases, continuous_sneezing, skin_rash,,,,,,,,,
Impetigo, irritation_in_anus, history_of_alcohol_consumption,, muscle_weakness, lethargy, dark_urine, red_sore_around_nose, yellow_crust_ooze, weight_gain, joint_pain,,,,,,,
Acne, swollen_blood_vessels, loss_of_balance, coma, skin_rash, palpitations, watering_from_eyes, constipation, family_history, headache,,,,,,,,
Paralysis (brain hemorrhage), yellowish_skin, weight_loss, sweating, skin_rash, altered_sensorium, receiving_unsterile_injections, mucoid_sputum, bloody_stool, dark_urine,,,,,,,,
Hepatitis D, nodal_skin_eruptions, visual_disturbances, vomiting, breathlessness, malaise,,,,,,,,,,,,
GERD, blurred_and_distorted_vision, dischromic _patches, extra_marital_contacts, yellowing_of_eyes, ulcers_on_tongue,,,,,,,,,,,,
Tuberculosis, yellowing_of_eyes, dark_urine, fast_heart_rate, muscle_pain, irregular_sugar_level,,,,,,,,,,,,
Fungal infection, congestion, toxic_look_(typhos), altered_sensorium, swelling_of_stomach, movement_stiffness, drying_and_tingling_lips,,,,,,,,,,,
Impetigo, fast_heart_rate, swelling_joints, indigestion, swollen_blood_vessels,,,,,,,,,,,,,
Gastroenteritis, blister, small_dents_in_nails, sweating, family_history, abdominal_pain,,,,,,,,,,,,
Hepatitis C, acidity, spotting_ urination, irregular_sugar_level,, patches_in_throat, toxic_look_(typhos),,,,,,,,,,,
Chicken pox, knee_pain, scurring, anxiety, cold_hands_and_feets, red_spots_over_body, weakness_in_limbs,,,,,,,,,,,
Alcoholic hepatitis, back_pain, stomach_bleeding, yellowing_of_eyes, bladder_discomfort, skin_peeling, bloody_stool,itching, watering_from_eyes, fluid_overload,,,,,,,,
Pneumonia, runny_nose, neck_pain, acidity, dehydration, swollen_blood_vessels, painful_walking, stomach_pain, lethargy, unsteadiness, visual_disturbances,,,,,,,
Urinary tract infection, yellow_urine, stiff_neck, mucoid_sputum,,,,,,,,,,,,,,
Paralysis (brain hemorrhage), irregular_sugar_level, yellow_urine, acute_liver_failure, red_spots_over_body, swollen_blood_vessels, continuous_sneezing, abdominal_pain, loss_of_smell,,,,,,,,,
Gastroenteritis, swollen_legs, throat_irritation, chest_pain, sunken_eyes, brittle_nails, weakness_in_limbs, joint_pain, distention_of_abdomen,,,,,,,,,
Malaria, phlegm, dizziness, swollen_extremeties, pain_in_anal_region, toxic_look_(typhos), congestion, vomiting, acidity, rusty_sputum, mild_fever,,,,,,,
Arthritis, joint_pain, increased_appetite, breathlessness, obesity, stomach_pain, yellow_urine, runny_nose, cramps,,,,,,,,,
Allergy, chills, pain_during_bowel_movements, loss_of_balance, cramps, depression,,,,,,,,,,,,
Pneumonia, weakness_of_one_body_side, anxiety, history_of_alcohol_consumption, redness_of_eyes, knee_pain, prominent_veins_on_calf,,,,,,,,,,,
Dengue, family_history, spinning_movements, polyuria, sweating, irritability, bruising, receiving_unsterile_injections, chills, yellowish_skin,,,,,,,,
Dengue, lack_of_concentration, back_pain, constipation, stomach_pain, muscle_pain, irritability, prominent_veins_on_calf, continuous_feel_of_urine, inflammatory_nails, mood_swings,,,,,,,
Allergy, acidity, palpitations, constipation, scurring, breathlessness, movement_stiffness, sunken_eyes, weight_gain,,,,,,,,,
Pneumonia, mild_fever, chest_pain, joint_pain,,,,,,,,,,,,,,
Cervical spondylosis, cough, puffy_face_and_eyes, yellow_urine, dehydration,,,,,,,,,,,,,
Diabetes , spinning_movements, belly_pain, acute_liver_failure, puffy_face_and_eyes, nausea, receiving_blood_transfusion, prominent_veins_on_calf, mucoid_sputum, slurred_speech, shivering,,,,,,,
Typhoid, receiving_unsterile_injections, sweating, swollen_blood_vessels,,,,,,,,,,,,,,
Varicose veins, high_fever, weakness_of_one_body_side, continuous_feel_of_urine, swelling_joints, belly_pain, receiving_blood_transfusion, muscle_weakness, congestion,,,,,,,,,
Hyperthyroidism, small_dents_in_nails, loss_of_smell, abnormal_menstruation, cold_hands_and_feets, coma,,,,,,,,,,,,
Alcoholic hepatitis, red_sore_around_nose, acute_liver_failure, shivering,,,,,,,,,,,,,,
Peptic ulcer diseae, congestion, silver_like_dusting, continuous_feel_of_urine, enlarged_thyroid, puffy_face_and_eyes, mood_swings, blister,,,,,,,,,,
Gastroenteritis, palpitations, swelling_joints, skin_peeling, breathlessness, bruising,,,,,,,,,,,,
Acne, shivering, pus_filled_pimples, distention_of_abdomen, puffy_face_and_eyes, belly_pain, weight_gain, red_sore_around_nose, receiving_blood_transfusion, bruising,,,,,,,,
Migraine, loss_of_smell, ulcers_on_tongue, painful_walking, weight_loss,,,,,,,,,,,,,
Migraine, sweating, abdominal_pain, enlarged_thyroid, chest_pain, blood_in_sputum, continuous_sneezing, distention_of_abdomen, abnormal_menstruation,,,,,,,,,
hepatitis A, bloody_stool, belly_pain, yellow_urine, small_dents_in_nails, yellowing_of_eyes, slurred_speech, receiving_unsterile_injections, continuous_sneezing,,,,,,,,,
hepatitis A, bloody_stool, dizziness, pain_during_bowel_movements,,,,,,,,,,,,,,
Osteoarthristis, history_of_alcohol_consumption, muscle_wasting, blister, receiving_blood_transfusion, dizziness, watering_from_eyes,,,,,,,,,,,
Malaria, palpitations, diarrhoea, rusty_sputum,,,,,,,,,,,,,,
Pneumonia, loss_of_smell, cold_hands_and_feets, mild_fever, shivering,,,,,,,,,,,,,
Dengue, swelling_joints, scurring, anxiety, spotting_ urination, joint_pain, irregular_sugar_level,,,,,,,,,,,
Migraine, throat_irritation, stomach_bleeding, weakness_in_limbs, puffy_face_and_eyes, burning_micturition, high_fever,,,,,,,,,,,
Hepatitis E, knee_pain, swelling_of_stomach, blister, stomach_pain, abdominal_pain, skin_peeling, redness_of_eyes,,,,,,,,,,
Hepatitis D, yellowing_of_eyes, visual_disturbances, blister, receiving_unsterile_injections, cramps, congestion,,,,,,,,,,,
Tuberculosis, continuous_feel_of_urine, fluid_overload, yellowing_of_eyes, acute_liver_failure, swelling_joints,,,,,,,,,,,,
Peptic ulcer diseae, swollen_blood_vessels, unsteadiness, red_spots_over_body,,,,,,,,,,,,,,
Tuberculosis, loss_of_appetite, toxic_look_(typhos), pain_in_anal_region, dark_urine, chest_pain, pain_behind_the_eyes, knee_pain, family_history, brittle_nails,,,,,,,,
Impetigo, puffy_face_and_eyes, family_history, acidity, watering_from_eyes,,,,,,,,,,,,,
Dimorphic hemmorhoids(piles), distention_of_abdomen, continuous_sneezing, blurred_and_distorted_vision, chest_pain, mild_fever, silver_like_dusting, pain_in_anal_region, muscle_pain,,,,,,,,,
Peptic ulcer diseae, cold_hands_and_feets, abnormal_menstruation, cramps, diarrhoea, belly_pain, blood_in_sputum, vomiting, swelling_of_stomach, silver_like_dusting, puffy_face_and_eyes,,,,,,,
Urinary tract infection, scurring, blister, unsteadiness, foul_smell_of urine, sunken_eyes, coma, stiff_neck,,,,,,,,,,
Gastroenteritis, skin_peeling, nausea, headache, diarrhoea, high_fever,,,,,,,,,,,,
Common Cold, sunken_eyes, blister, swelling_joints, neck_pain, small_dents_in_nails,,,,,,,,,,,,
Hypoglycemia, blurred_and_distorted_vision, loss_of_appetite, distention_of_abdomen, pain_during_bowel_movements, obesity, swelling_of_stomach, visual_disturbances, lack_of_concentration, abdominal_pain,,,,,,,,
Bronchial Asthma, polyuria, mild_fever, family_history, cramps, pain_behind_the_eyes,,,,,,,,,,,,
Tuberculosis, excessive_hunger, mild_fever, bloody_stool, nausea, weight_gain,itching, acidity, bruising,,,,,,,,,
Fungal infection, abdominal_pain, stomach_bleeding, indigestion, foul_smell_of urine, skin_peeling,,,,,,,,,,,,
Hepatitis C, fatigue, back_pain, unsteadiness, nausea, small_dents_in_nails, history_of_alcohol_consumption, knee_pain,itching,,,,,,,,,
Malaria, increased_appetite, pus_filled_pimples, cough, weight_loss, spotting_ urination,,,,,,,,,,,,
Alcoholic hepatitis, fatigue, watering_from_eyes, back_pain, depression,,,,,,,,,,,,,
Urinary tract infection, excessive_hunger, swollen_blood_vessels, rusty_sputum, yellowish_skin, receiving_unsterile_injections, swollen_legs, ulcers_on_tongue,,,,,,,,,,
Hepatitis C, silver_like_dusting, dark_urine, neck_pain,,,,,,,,,,,,,,
Hepatitis C, acidity, blackheads, mild_fever, prominent_veins_on_calf, dizziness, muscle_weakness, depression, pain_during_bowel_movements, indigestion,,,,,,,,
Hypothyroidism, yellowing_of_eyes, receiving_blood_transfusion, pain_behind_the_eyes, nausea, stomach_pain, vomiting, movement_stiffness,,,,,,,,,,
Diabetes , joint_pain, brittle_nails, weight_loss, high_fever, coma,,,,,,,,,,,,
AIDS, ulcers_on_tongue, family_history, fatigue, dischromic _patches, muscle_pain, depression, history_of_alcohol_consumption, vomiting,,,,,,,,,
Heart attack, dehydration, anxiety, rusty_sputum, receiving_blood_transfusion,,,,,,,,,,,,,
Impetigo, spinning_movements, red_spots_over_body, fast_heart_rate,,,,,,,,,,,,,,
Jaundice, muscle_weakness, pain_in_anal_region, nodal_skin_eruptions, irritability, bruising, swollen_legs, rusty_sputum, irritation_in_anus,,,,,,,,,
hepatitis A, movement_stiffness, indigestion, drying_and_tingling_lips, yellowish_skin, diarrhoea, fatigue, swollen_extremeties, passage_of_gases, weight_gain, muscle_pain,,,,,,,
Hyperthyroidism, back_pain, fluid_overload, red_sore_around_nose, hip_joint_pain, yellow_urine, rusty_sputum,,,,,,,,,,,
Acne, sinus_pressure, excessive_hunger, yellow_urine, continuous_sneezing, visual_disturbances, nodal_skin_eruptions, patches_in_throat, pain_behind_the_eyes,,,,,,,,,
Pneumonia, neck_pain, skin_peeling, visual_disturbances, sweating, nodal_skin_eruptions, yellowish_skin,,,,,,,,,,,
Psoriasis, movement_stiffness, blister, dischromic _patches, abnormal_menstruation, swelling_joints, pain_in_anal_region, weakness_of_one_body_side, toxic_look_(typhos), swollen_extremeties, spinning_movements,,,,,,,
Tuberculosis, loss_of_appetite, diarrhoea, abdominal_pain, phlegm, mild_fever, fluid_overload, loss_of_balance,,,,,,,,,,
Fungal infection, watering_from_eyes, neck_pain, receiving_blood_transfusion, weakness_in_limbs, yellow_urine, mood_swings, visual_disturbances, vomiting, blood_in_sputum,,,,,,,,
Typhoid, mild_fever, movement_stiffness, depression, malaise, muscle_pain, blood_in_sputum, sweating, chills, bloody_stool, belly_pain,,,,,,,
Dimorphic hemmorhoids(piles), cold_hands_and_feets, bladder_discomfort, joint_pain, blurred_and_distorted_vision, swollen_legs, abnormal_menstruation, lack_of_concentration, chills,,,,,,,,,
Peptic ulcer diseae, yellowish_skin, abdominal_pain, drying_and_tingling_lips, silver_like_dusting, joint_pain, sweating,,,,,,,,,,,
Jaundice,itching, irregular_sugar_level, restlessness, watering_from_eyes, cold_hands_and_feets, dizziness, stomach_bleeding, headache,,,,,,,,,
Hypothyroidism, internal_itching, slurred_speech, drying_and_tingling_lips, cramps, altered_sensorium, polyuria, neck_pain, dischromic _patches,,,,,,,,,
Hyperthyroidism, bladder_discomfort, polyuria, hip_joint_pain, puffy_face_and_eyes, anxiety, skin_rash, blackheads, stiff_neck, silver_like_dusting, swollen_blood_vessels,,,,,,,
Tuberculosis, high_fever, spotting_ urination, skin_peeling, dizziness, abdominal_pain, weight_loss, burning_micturition, excessive_hunger, rusty_sputum,,,,,,,,
Hypertension , swollen_extremeties, swelling_of_stomach, neck_pain,,,,,,,,,,,,,,
Dimorphic hemmorhoids(piles), loss_of_smell, red_sore_around_nose, stiff_neck, hip_joint_pain, blood_in_sputum, muscle_pain, fast_heart_rate,,,,,,,,,,
Hypoglycemia, polyuria, continuous_feel_of_urine, pus_filled_pimples, shivering, vomiting, movement_stiffness, abdominal_pain, diarrhoea, fluid_overload, anxiety,,,,,,,
Jaundice, blurred_and_distorted_vision, palpitations, lack_of_concentration, weight_loss, blackheads,,,,,,,,,,,,
Tuberculosis, brittle_nails, scurring, bloody_stool,,,,,,,,,,,,,,
Chicken pox, lack_of_concentration, mild_fever, extra_marital_contacts,,,,,,,,,,,,,,
Hypertension , foul_smell_of urine, dark_urine, weight_loss,,,,,,,,,,,,,,
Migraine, polyuria, spotting_ urination, knee_pain, painful_walking, nausea, hip_joint_pain, stomach_pain, weakness_in_limbs, drying_and_tingling_lips,,,,,,,,
Drug Reaction, burning_micturition, pain_behind_the_eyes, muscle_pain, brittle_nails, polyuria, blood_in_sputum, breathlessness, congestion,,,,,,,,,
Dimorphic hemmorhoids(piles), scurring, cramps, lethargy, increased_appetite, mild_fever, polyuria,,,,,,,,,,,
Common Cold, yellow_urine, diarrhoea, coma, cold_hands_and_feets,,,,,,,,,,,,,
(vertigo) Paroymsal  Positional Vertigo, bladder_discomfort, pus_filled_pimples, blood_in_sputum, distention_of_abdomen, bruising, muscle_wasting, passage_of_gases, high_fever,,,,,,,,,
Jaundice, weakness_in_limbs, chest_pain, muscle_pain,,,,,,,,,,,,,,
Cervical spondylosis, joint_pain, muscle_pain, inflammatory_nails, enlarged_thyroid, lack_of_concentration, sweating, extra_marital_contacts, malaise, cold_hands_and_feets, weakness_of_one_body_side,,,,,,,
Hyperthyroidism, breathlessness, chest_pain, stiff_neck,,,,,,,,,,,,,,
Hypothyroidism, dizziness, movement_stiffness, vomiting, receiving_unsterile_injections, swelling_of_stomach, brittle_nails,,,,,,,,,,,
Urinary tract infection, cramps, weight_loss, anxiety,,,,,,,,,,,,,,
Malaria, drying_and_tingling_lips, abdominal_pain, prominent_veins_on_calf, skin_rash, coma,,,,,,,,,,,,
Hypoglycemia, pain_in_anal_region, palpitations, depression, increased_appetite, phlegm, spinning_movements, toxic_look_(typhos),,,,,,,,,,
Heart attack, depression, cough, back_pain,,,,,,,,,,,,,,
Hypothyroidism, abdominal_pain, blood_in_sputum, acute_liver_failure, patches_in_throat, slurred_speech, coma, muscle_weakness, lack_of_concentration,,,,,,,,,
Dimorphic hemmorhoids(piles), weakness_of_one_body_side, indigestion, watering_from_eyes, polyuria, nodal_skin_eruptions, blackheads,,,,,,,,,,,
Fungal infection, continuous_feel_of_urine, swelling_of_stomach, red_sore_around_nose, unsteadiness, knee_pain, skin_peeling,itching, sunken_eyes,,,,,,,,,
Impetigo, toxic_look_(typhos), phlegm, cold_hands_and_feets, shivering, breathlessness, headache, extra_marital_contacts, loss_of_smell, muscle_pain, lack_of_concentration,,,,,,,
Hepatitis E, enlarged_thyroid, patches_in_throat,itching, polyuria, brittle_nails, blurred_and_distorted_vision, prominent_veins_on_calf, dischromic _patches, watering_from_eyes, bloody_stool,,,,,,,
Urinary tract infection, muscle_wasting, yellowing_of_eyes, movement_stiffness, stomach_bleeding, chills,,,,,,,,,,,,
Dimorphic hemmorhoids(piles), bladder_discomfort, spotting_ urination, weight_gain,itching, irritation_in_anus,,,,,,,,,,,,
Migraine, bladder_discomfort, fatigue, unsteadiness, pain_behind_the_eyes, skin_peeling, slurred_speech, phlegm, acute_liver_failure, hip_joint_pain,,,,,,,,
Heart attack, abnormal_menstruation, nausea, continuous_feel_of_urine, foul_smell_of urine, loss_of_balance, passage_of_gases, swelling_of_stomach, anxiety,,,,,,,,,
Hypothyroidism, red_spots_over_body, lethargy, weakness_in_limbs,,,,,,,,,,,,,,
Hypertension , abdominal_pain, acute_liver_failure, burning_micturition,,,,,,,,,,,,,,
Varicose veins, malaise, continuous_sneezing, acute_liver_failure,,,,,,,,,,,,,,
Drug Reaction, foul_smell_of urine, palpitations, fast_heart_rate, pain_in_anal_region, enlarged_thyroid, internal_itching,,,,,,,,,,,
Peptic ulcer diseae, increased_appetite, puffy_face_and_eyes, skin_peeling, vomiting, cramps, weakness_of_one_body_side,,,,,,,,,,,
Osteoarthristis,itching, spinning_movements, irritation_in_anus, loss_of_appetite,,,,,,,,,,,,,
Hepatitis D, knee_pain, small_dents_in_nails, passage_of_gases, inflammatory_nails, spotting_ urination, visual_disturbances,,,,,,,,,,,
Dimorphic hemmorhoids(piles), cough, stomach_pain, receiving_blood_transfusion, headache,,,,,,,,,,,,,
Common Cold, sweating, swollen_blood_vessels, bruising, movement_stiffness, depression, stomach_bleeding, acute_liver_failure,,,,,,,,,,
Acne, silver_like_dusting, weakness_of_one_body_side, lack_of_concentration, swelling_of_stomach, movement_stiffness, increased_appetite, yellowish_skin,,,,,,,,,,
Gastroenteritis, loss_of_smell, acidity, phlegm, dizziness, joint_pain, headache, weakness_of_one_body_side, puffy_face_and_eyes,,,,,,,,,
Bronchial Asthma, increased_appetite, skin_peeling, drying_and_tingling_lips, knee_pain, bloody_stool,itching, puffy_face_and_eyes, yellow_crust_ooze,,,,,,,,,
Malaria, vomiting, continuous_sneezing, irritability, anxiety, high_fever,,,,,,,,,,,,
hepatitis A, distention_of_abdomen, mild_fever, mood_swings, red_spots_over_body, sunken_eyes, chest_pain, breathlessness, stomach_pain,,,,,,,,,
Cervical spondylosis, pain_in_anal_region, pus_filled_pimples, phlegm, blackheads, malaise, hip_joint_pain, stiff_neck,,,,,,,,,,
Urinary tract infection, joint_pain, family_history, knee_pain, chills, headache, acidity, visual_disturbances, muscle_wasting, diarrhoea, irregular_sugar_level,,,,,,,
Pneumonia, cold_hands_and_feets, muscle_wasting, dark_urine, weight_loss, cramps,,,,,,,,,,,,
Hypoglycemia, diarrhoea, swelling_joints, mucoid_sputum, belly_pain, unsteadiness, shivering, irritation_in_anus, polyuria, congestion,,,,,,,,
Chronic cholestasis, weakness_in_limbs, continuous_sneezing, enlarged_thyroid, coma, bloody_stool, red_spots_over_body,,,,,,,,,,,
Gastroenteritis, continuous_feel_of_urine, internal_itching, indigestion, blurred_and_distorted_vision, dizziness, yellow_urine, rusty_sputum, red_spots_over_body,,,,,,,,,
Impetigo, dark_urine, nausea,, redness_of_eyes, lethargy,,,,,,,,,,,,
Hyperthyroidism, drying_and_tingling_lips, headache, lack_of_concentration, rusty_sputum,,,,,,,,,,,,,
Hepatitis E, receiving_unsterile_injections, scurring, dischromic _patches, bruising, fatigue, redness_of_eyes, weakness_of_one_body_side,,,,,,,,,,
Chicken pox, spinning_movements, drying_and_tingling_lips, anxiety, lethargy, spotting_ urination,,,,,,,,,,,,
(vertigo) Paroymsal  Positional Vertigo, knee_pain, painful_walking, neck_pain,,,,,,,,,,,,,,
Alcoholic hepatitis, ulcers_on_tongue, shivering, altered_sensorium, yellow_crust_ooze, loss_of_appetite, malaise, dark_urine, dehydration, mild_fever, knee_pain,,,,,,,
Paralysis (brain hemorrhage), brittle_nails, blackheads, depression, stomach_bleeding, ulcers_on_tongue, drying_and_tingling_lips, muscle_wasting, yellowing_of_eyes, swollen_blood_vessels,,,,,,,,
Hypoglycemia, weakness_in_limbs, foul_smell_of urine, swollen_blood_vessels, stiff_neck, puffy_face_and_eyes, anxiety,,,,,,,,,,,
AIDS, extra_marital_contacts, vomiting, abdominal_pain,,,,,,,,,,,,,,
Malaria, family_history, bruising, pain_behind_the_eyes, watering_from_eyes, altered_sensorium, nausea, anxiety,,,,,,,,,,
Osteoarthristis, weakness_in_limbs, mucoid_sputum, spinning_movements, belly_pain, history_of_alcohol_consumption, foul_smell_of urine, receiving_blood_transfusion, sinus_pressure, blackheads, spotting_ urination,,,,,,,
Diabetes , abnormal_menstruation, dizziness, anxiety, yellow_crust_ooze, nausea, history_of_alcohol_consumption, constipation, skin_rash, swelled_lymph_nodes,,,,,,,,
Dimorphic hemmorhoids(piles), pain_during_bowel_movements, weight_gain, altered_sensorium, sunken_eyes, dark_urine, skin_rash, bloody_stool, red_sore_around_nose, chest_pain, shivering,,,,,,,
Acne, palpitations, mild_fever, fluid_overload, spinning_movements, prominent_veins_on_calf, coma, puffy_face_and_eyes,,,,,,,,,,
Urinary tract infection, fluid_overload, inflammatory_nails, internal_itching, foul_smell_of urine, anxiety, sunken_eyes, swelling_joints, continuous_sneezing, palpitations,,,,,,,,
Diabetes , blurred_and_distorted_vision, spinning_movements, dark_urine, red_spots_over_body, phlegm, hip_joint_pain,,,,,,,,,,,
Alcoholic hepatitis, patches_in_throat, excessive_hunger, receiving_blood_transfusion, breathlessness, sunken_eyes, irregular_sugar_level, dizziness, burning_micturition, distention_of_abdomen, muscle_wasting,,,,,,,
Alcoholic hepatitis, dehydration, skin_rash, shivering, irritation_in_anus, malaise, family_history, bloody_stool,,,,,,,,,,
Malaria, swelling_of_stomach, neck_pain, blackheads, throat_irritation,,,,,,,,,,,,,
Diabetes , spinning_movements, blister, neck_pain, fatigue, distention_of_abdomen, scurring, inflammatory_nails,,,,,,,,,,
(vertigo) Paroymsal  Positional Vertigo, irritation_in_anus, yellowing_of_eyes, loss_of_balance, nodal_skin_eruptions, phlegm,,,,,,,,,,,,
Arthritis, pain_in_anal_region, swelling_of_stomach, irregular_sugar_level, depression, obesity,,,,,,,,,,,,
Typhoid, stomach_bleeding, muscle_pain, joint_pain, diarrhoea, spotting_ urination, painful_walking,,,,,,,,,,,
Allergy, pain_during_bowel_movements, yellowing_of_eyes, blurred_and_distorted_vision,,,,,,,,,,,,,,
Diabetes , spotting_ urination, chills, ulcers_on_tongue,,,,,,,,,,,,,,
Hypothyroidism, toxic_look_(typhos), stomach_pain, lethargy, visual_disturbances, internal_itching,,,,,,,,,,,,
Malaria, blood_in_sputum, throat_irritation, lethargy, hip_joint_pain, family_history, red_sore_around_nose, pain_in_anal_region, dark_urine, swollen_legs, burning_micturition,,,,,,,
(vertigo) Paroymsal  Positional Vertigo, altered_sensorium, loss_of_appetite, stomach_bleeding, congestion, indigestion, hip_joint_pain, slurred_speech, cold_hands_and_feets, mucoid_sputum,,,,,,,,
hepatitis A, palpitations, knee_pain, blood_in_sputum,,,,,,,,,,,,,,
GERD, yellow_crust_ooze, passage_of_gases, chest_pain, coma, dizziness,,,,,,,,,,,,
Urinary tract infection, breathlessness, loss_of_balance, loss_of_appetite, slurred_speech, yellow_urine, continuous_sneezing, distention_of_abdomen, muscle_pain, redness_of_eyes,,,,,,,,
GERD, depression, vomiting, loss_of_appetite, mood_swings, distention_of_abdomen,,,,,,,,,,,,
Dimorphic hemmorhoids(piles), swelling_of_stomach, fluid_overload, congestion, swollen_extremeties, slurred_speech, dizziness, redness_of_eyes, family_history, obesity,,,,,,,,
Hyperthyroidism, fast_heart_rate, altered_sensorium, weakness_of_one_body_side,,,,,,,,,,,,,,
Chicken pox, sinus_pressure, weakness_of_one_body_side, foul_smell_of urine, patches_in_throat, palpitations, puffy_face_and_eyes, cold_hands_and_feets,,,,,,,,,,
hepatitis A, receiving_blood_transfusion, pus_filled_pimples, blackheads, distention_of_abdomen, sinus_pressure, pain_during_bowel_movements, diarrhoea, loss_of_balance,,,,,,,,,
Hepatitis E, history_of_alcohol_consumption, back_pain, loss_of_balance, red_sore_around_nose, unsteadiness,,,,,,,,,,,,
Cervical spondylosis, scurring, sweating, constipation, altered_sensorium,,,,,,,,,,,,,
Dengue, swollen_legs, puffy_face_and_eyes, congestion, unsteadiness, depression, spinning_movements, pain_during_bowel_movements,itching, fast_heart_rate, distention_of_abdomen,,,,,,,
Hypertension , red_sore_around_nose, irregular_sugar_level, shivering, blackheads,,,,,,,,,,,,,
Gastroenteritis, high_fever, burning_micturition, throat_irritation, excessive_hunger, brittle_nails, chills, muscle_wasting, skin_peeling,,,,,,,,,
Chicken pox, irritation_in_anus, palpitations, throat_irritation, dehydration, swollen_extremeties, blackheads,,,,,,,,,,,
Malaria, history_of_alcohol_consumption, increased_appetite, acidity, continuous_sneezing, yellowing_of_eyes,,,,,,,,,,,,
Peptic ulcer diseae, slurred_speech, sinus_pressure, coma, pain_during_bowel_movements,,,,,,,,,,,,,
Heart attack, swollen_blood_vessels, dizziness, shivering, passage_of_gases, blister, chest_pain, vomiting, acute_liver_failure,,,,,,,,,
Common Cold, high_fever, fluid_overload, lethargy, movement_stiffness, unsteadiness, stomach_bleeding,,,,,,,,,,,
(vertigo) Paroymsal  Positional Vertigo, loss_of_appetite, bruising, indigestion, throat_irritation, chest_pain, blurred_and_distorted_vision, patches_in_throat, increased_appetite, malaise,,,,,,,,
Alcoholic hepatitis, lethargy, loss_of_appetite, yellowish_skin,,,,,,,,,,,,,,
Allergy, swelling_joints, increased_appetite, foul_smell_of urine, skin_peeling, spotting_ urination, visual_disturbances, vomiting,,,,,,,,,,
Diabetes ,itching, nodal_skin_eruptions, stiff_neck,,,,,,,,,,,,,,
Chicken pox, sinus_pressure, sunken_eyes, weight_loss, patches_in_throat, abnormal_menstruation, headache, coma,,,,,,,,,,
Hepatitis D, mood_swings, bruising, abdominal_pain, cough, irregular_sugar_level,,,,,,,,,,,,
Hepatitis C,itching, blood_in_sputum, toxic_look_(typhos),,,,,,,,,,,,,,
Cervical spondylosis, bruising, nausea, distention_of_abdomen, red_spots_over_body, loss_of_appetite,, stiff_neck,,,,,,,,,,
Gastroenteritis, weight_loss, stomach_pain, yellow_urine, yellowish_skin, pus_filled_pimples, polyuria,,,,,,,,,,,
Malaria, burning_micturition, weight_loss, fluid_overload, constipation, nausea, scurring, toxic_look_(typhos), patches_in_throat, stomach_pain, yellow_urine,,,,,,,
Tuberculosis, acidity, scurring, constipation, loss_of_appetite, chills, obesity,,,,,,,,,,,
Hepatitis B, swelling_of_stomach, headache, hip_joint_pain, neck_pain, blister, shivering, irritation_in_anus,,,,,,,,,,
Dengue, dischromic _patches, nodal_skin_eruptions, weight_loss, lack_of_concentration, yellow_crust_ooze,,,,,,,,,,,,
Hepatitis E, breathlessness, weight_loss, red_sore_around_nose, high_fever, malaise, irritation_in_anus, throat_irritation, yellowing_of_eyes,,,,,,,,,
Drug Reaction, acute_liver_failure, pain_behind_the_eyes, swollen_extremeties, irritability, altered_sensorium, restlessness, swollen_legs, acidity,,,,,,,,,
Cervical spondylosis, anxiety, phlegm, stomach_bleeding, joint_pain, pain_during_bowel_movements,,,,,,,,,,,,
Hypertension ,, acidity, yellow_urine, patches_in_throat, restlessness,,,,,,,,,,,,
Drug Reaction, excessive_hunger, mild_fever, sinus_pressure, distention_of_abdomen, swelled_lymph_nodes,,,,,,,,,,,,
Chicken pox, fluid_overload, restlessness, increased_appetite, dischromic _patches,,,,,,,,,,,,,
Chicken pox, knee_pain, muscle_pain, acidity, ulcers_on_tongue, anxiety,,,,,,,,,,,,
Dengue, history_of_alcohol_consumption, muscle_pain, stiff_neck, muscle_weakness,,,,,,,,,,,,,
Tuberculosis, hip_joint_pain, knee_pain, loss_of_appetite, toxic_look_(typhos), skin_rash, family_history,,,,,,,,,,,
Arthritis, swelling_of_stomach, palpitations, pain_behind_the_eyes, bruising, blister, diarrhoea,, shivering, sinus_pressure, skin_rash,,,,,,,
Common Cold, nodal_skin_eruptions, stomach_pain, extra_marital_contacts, dischromic _patches, swollen_legs,,,,,,,,,,,,
Drug Reaction, stomach_bleeding, pus_filled_pimples, runny_nose, red_sore_around_nose,,,,,,,,,,,,,
Psoriasis, pain_in_anal_region, lack_of_concentration, pain_during_bowel_movements,,,,,,,,,,,,,,
Tuberculosis, spotting_ urination, headache, spinning_movements, continuous_sneezing, irritability, watering_from_eyes, skin_rash, weakness_in_limbs,,,,,,,,,
Hepatitis E, passage_of_gases, shivering, inflammatory_nails, pain_during_bowel_movements, mild_fever, yellowing_of_eyes, acidity, phlegm, rusty_sputum,,,,,,,,
Hepatitis D, swollen_legs, mild_fever, fatigue, painful_walking,,,,,,,,,,,,,
Heart attack, increased_appetite, swelled_lymph_nodes, dischromic _patches, dehydration, ulcers_on_tongue,,,,,,,,,,,,
Alcoholic hepatitis, malaise, dehydration, breathlessness,,,,,,,,,,,,,,
Hepatitis E, yellowing_of_eyes, internal_itching, mucoid_sputum, coma,,,,,,,,,,,,,
Tuberculosis, visual_disturbances, red_spots_over_body, dizziness, swollen_extremeties, spotting_ urination, pain_in_anal_region, blood_in_sputum, irritation_in_anus, blackheads,,,,,,,,
AIDS, chest_pain, dischromic _patches, cough, skin_rash,,,,,,,,,,,,,
Heart attack, receiving_unsterile_injections, cough, dark_urine,,,,,,,,,,,,,,
Diabetes , mild_fever, belly_pain, diarrhoea, silver_like_dusting, weight_loss, toxic_look_(typhos), swollen_blood_vessels,,,,,,,,,,
GERD, distention_of_abdomen, mucoid_sputum, hip_joint_pain,,,,,,,,,,,,,,
Varicose veins, weakness_of_one_body_side, fast_heart_rate, constipation, puffy_face_and_eyes, swollen_blood_vessels, continuous_sneezing, skin_peeling, acute_liver_failure,,,,,,,,,
hepatitis A, blurred_and_distorted_vision, passage_of_gases, mild_fever, swollen_extremeties, brittle_nails, irritability, weakness_of_one_body_side, muscle_wasting, yellow_crust_ooze, yellowing_of_eyes,,,,,,,
(vertigo) Paroymsal  Positional Vertigo, blurred_and_distorted_vision, pain_during_bowel_movements, excessive_hunger,,,,,,,,,,,,,,
Hepatitis D, weight_gain, silver_like_dusting, puffy_face_and_eyes, swollen_legs, yellowish_skin, headache, redness_of_eyes, patches_in_throat,,,,,,,,,
Migraine, painful_walking, blood_in_sputum, increased_appetite, internal_itching,,,,,,,,,,,,,
Pneumonia, sinus_pressure, receiving_blood_transfusion, cough,,,,,,,,,,,,,,
Gastroenteritis, puffy_face_and_eyes, headache, dehydration, drying_and_tingling_lips,,,,,,,,,,,,,
Hypoglycemia, mild_fever, blackheads, bladder_discomfort, irritability,,,,,,,,,,,,,
Allergy, malaise, cough, dark_urine,,,,,,,,,,,,,,
Paralysis (brain hemorrhage), yellow_crust_ooze, receiving_unsterile_injections, hip_joint_pain, constipation, spotting_ urination, nausea, cough, chills, acidity,,,,,,,,
Malaria, loss_of_appetite, irritation_in_anus, foul_smell_of urine,,,,,,,,,,,,,,
Jaundice, unsteadiness, sunken_eyes, brittle_nails, burning_micturition,,,,,,,,,,,,,
Alcoholic hepatitis, weight_gain, prominent_veins_on_calf, dizziness, yellow_crust_ooze, back_pain, dischromic _patches, restlessness, skin_peeling, depression, neck_pain,,,,,,,
Jaundice, muscle_pain, altered_sensorium, swelling_joints, skin_rash, increased_appetite, depression,,,,,,,,,,,
Hepatitis B, yellowish_skin, dehydration, breathlessness, swelled_lymph_nodes, spotting_ urination, yellowing_of_eyes, pain_during_bowel_movements,,,,,,,,,,
Hepatitis D, diarrhoea, shivering, extra_marital_contacts,,,,,,,,,,,,,,
Dimorphic hemmorhoids(piles), cramps, chest_pain, loss_of_balance, sweating, internal_itching, extra_marital_contacts, drying_and_tingling_lips, coma, altered_sensorium,,,,,,,,
Hypothyroidism, knee_pain, yellow_urine, swelling_joints, high_fever, inflammatory_nails,, dark_urine, extra_marital_contacts, enlarged_thyroid, fluid_overload,,,,,,,
Jaundice, pus_filled_pimples, chills, patches_in_throat, bladder_discomfort, lack_of_concentration, hip_joint_pain, increased_appetite, skin_peeling,,,,,,,,,
Heart attack, dischromic _patches, neck_pain, loss_of_smell, weakness_of_one_body_side,,,,,,,,,,,,,
Urinary tract infection, blurred_and_distorted_vision, nausea, puffy_face_and_eyes, muscle_pain, cramps, yellowish_skin,,,,,,,,,,,
Heart attack, cough, blurred_and_distorted_vision,, joint_pain,,,,,,,,,,,,,
Osteoarthristis, pain_behind_the_eyes, cough, nodal_skin_eruptions,,,,,,,,,,,,,,
Diabetes , back_pain, congestion, ulcers_on_tongue, visual_disturbances, polyuria, stomach_bleeding,,,,,,,,,,,
Impetigo, swollen_extremeties, obesity, internal_itching,,,,,,,,,,,,,,
Allergy, muscle_pain, weight_gain, irritation_in_anus, abnormal_menstruation, swollen_blood_vessels, obesity, vomiting, constipation,,,,,,,,,
Dengue, foul_smell_of urine, movement_stiffness, painful_walking, stomach_bleeding, mood_swings,,,,,,,,,,,,
(vertigo) Paroymsal  Positional Vertigo, continuous_sneezing, excessive_hunger, throat_irritation, mood_swings, chest_pain, brittle_nails, cramps,,,,,,,,,,
Hyperthyroidism, anxiety, red_sore_around_nose, weight_gain, visual_disturbances, ulcers_on_tongue, prominent_veins_on_calf, palpitations, stomach_bleeding, fatigue,,,,,,,,
Chicken pox, yellowish_skin, vomiting, dark_urine, muscle_wasting, constipation, spinning_movements, slurred_speech, visual_disturbances,,,,,,,,,
Drug Reaction, anxiety, dischromic _patches, bloody_stool,,,,,,,,,,,,,,
Dimorphic hemmorhoids(piles), rusty_sputum, patches_in_throat, slurred_speech, abdominal_pain, fast_heart_rate, blurred_and_distorted_vision, receiving_unsterile_injections, dischromic _patches, fluid_overload,,,,,,,,
Gastroenteritis, bloody_stool, runny_nose, fatigue, distention_of_abdomen, depression,,,,,,,,,,,,
Dimorphic hemmorhoids(piles), spinning_movements, dehydration, breathlessness, bladder_discomfort, increased_appetite,,,,,,,,,,,,
Alcoholic hepatitis, muscle_wasting, dischromic _patches, malaise, ulcers_on_tongue, movement_stiffness, joint_pain, increased_appetite, fatigue, passage_of_gases, depression,,,,,,,
Bronchial Asthma, acidity, vomiting, mucoid_sputum, painful_walking, indigestion, hip_joint_pain,,,,,,,,,,,
Impetigo, swollen_extremeties, runny_nose, sunken_eyes, acute_liver_failure,,,,,,,,,,,,,
Migraine, increased_appetite, palpitations, fast_heart_rate, spinning_movements, acidity, swelled_lymph_nodes, diarrhoea, prominent_veins_on_calf, swollen_blood_vessels,,,,,,,,
Typhoid, lack_of_concentration, patches_in_throat, dark_urine, continuous_feel_of_urine, internal_itching, receiving_blood_transfusion, watering_from_eyes, belly_pain, cramps,,,,,,,,
Hepatitis E, weakness_of_one_body_side, back_pain, restlessness, receiving_blood_transfusion, vomiting, prominent_veins_on_calf, palpitations, loss_of_balance, sweating, passage_of_gases,,,,,,,
Urinary tract infection, cold_hands_and_feets, silver_like_dusting, abnormal_menstruation, swelling_of_stomach, altered_sensorium, hip_joint_pain, belly_pain,,,,,,,,,,
Chronic cholestasis, blood_in_sputum, skin_rash, distention_of_abdomen, fast_heart_rate, pus_filled_pimples,,,,,,,,,,,,
(vertigo) Paroymsal  Positional Vertigo, blister, cramps, stomach_pain, high_fever, bruising, pain_behind_the_eyes,,,,,,,,,,,
Varicose veins, yellowing_of_eyes, fast_heart_rate, skin_peeling, dark_urine, puffy_face_and_eyes, swollen_extremeties, stiff_neck, congestion, throat_irritation,,,,,,,,
Common Cold, cold_hands_and_feets, swelled_lymph_nodes, neck_pain, throat_irritation,,,,,,,,,,,,,
Impetigo, burning_micturition, yellowing_of_eyes, skin_peeling,,,,,,,,,,,,,,
Hypertension , blackheads, palpitations, irregular_sugar_level, mucoid_sputum, drying_and_tingling_lips, throat_irritation, extra_marital_contacts, sweating, skin_peeling, puffy_face_and_eyes,,,,,,,
Osteoarthristis, constipation, coma, chills, blister, weakness_in_limbs, increased_appetite, shivering, pain_during_bowel_movements, indigestion, extra_marital_contacts,,,,,,,
Arthritis, toxic_look_(typhos), movement_stiffness, abnormal_menstruation, anxiety, receiving_unsterile_injections, stiff_neck, loss_of_balance, yellow_crust_ooze,,,,,,,,,
Arthritis, loss_of_appetite, blackheads, cough, bloody_stool,,,,,,,,,,,,,
Tuberculosis, bloody_stool, blurred_and_distorted_vision, skin_peeling, pain_in_anal_region,,,,,,,,,,,,,
Hepatitis D, blood_in_sputum, pain_during_bowel_movements, swelled_lymph_nodes, spotting_ urination,,,,,,,,,,,,,
Gastroenteritis, lethargy, belly_pain,, nodal_skin_eruptions, fluid_overload, receiving_blood_transfusion, hip_joint_pain, mild_fever, anxiety, blurred_and_distorted_vision,,,,,,,
Psoriasis, breathlessness, lack_of_concentration, silver_like_dusting, polyuria, swollen_extremeties, excessive_hunger, bloody_stool, phlegm, malaise,,,,,,,,
AIDS, receiving_blood_transfusion, restlessness, lack_of_concentration, loss_of_appetite, redness_of_eyes, weight_loss, yellow_urine, hip_joint_pain,,,,,,,,,
Psoriasis, visual_disturbances, weight_loss, malaise, knee_pain, dischromic _patches, swollen_extremeties, stomach_bleeding, shivering,,,,,,,,,
Hypoglycemia, shivering, painful_walking, knee_pain, red_sore_around_nose,,,,,,,,,,,,,
Impetigo, fatigue, loss_of_appetite, yellowish_skin, sweating, prominent_veins_on_calf,,,,,,,,,,,,
Psoriasis, acidity, pain_during_bowel_movements, visual_disturbances,,,,,,,,,,,,,,
Hepatitis B, chest_pain, scurring, blackheads, shivering, sinus_pressure, constipation, coma,,,,,,,,,,
Diabetes , malaise, back_pain, blurred_and_distorted_vision, coma, sweating, neck_pain, scurring,,,,,,,,,,
Cervical spondylosis, polyuria, swollen_blood_vessels, slurred_speech, blurred_and_distorted_vision, swollen_extremeties,,,,,,,,,,,,
Jaundice, sweating, continuous_feel_of_urine, hip_joint_pain, blood_in_sputum, rusty_sputum, cramps, irregular_sugar_level, obesity, constipation,,,,,,,,
Hepatitis C, knee_pain, altered_sensorium, neck_pain, stomach_pain, inflammatory_nails, malaise,,,,,,,,,,,
Hypertension , diarrhoea, increased_appetite, history_of_alcohol_consumption, chills, puffy_face_and_eyes, weakness_of_one_body_side, dischromic _patches, receiving_unsterile_injections,,,,,,,,,
Paralysis (brain hemorrhage), phlegm, headache, dizziness, slurred_speech, diarrhoea,,,,,,,,,,,,
Urinary tract infection, prominent_veins_on_calf, weakness_in_limbs, obesity, bladder_discomfort, bloody_stool, spotting_ urination, loss_of_balance,,,,,,,,,,
Dimorphic hemmorhoids(piles), red_sore_around_nose, acidity, indigestion, inflammatory_nails, chest_pain, lack_of_concentration, cough, phlegm, continuous_feel_of_urine, drying_and_tingling_lips,,,,,,,
Jaundice, toxic_look_(typhos), neck_pain, nodal_skin_eruptions, receiving_blood_transfusion,,,,,,,,,,,,,
AIDS, muscle_pain, dark_urine, headache, fatigue,,,,,,,,,,,,,
Arthritis, spinning_movements, headache, cough, shivering, abnormal_menstruation, throat_irritation,,,,,,,,,,,
Hepatitis B, prominent_veins_on_calf, swollen_legs, swelling_joints, pus_filled_pimples, bruising, indigestion, nausea, acute_liver_failure, abnormal_menstruation,,,,,,,,
Impetigo, receiving_blood_transfusion, acute_liver_failure, irritation_in_anus, palpitations, slurred_speech, rusty_sputum, sinus_pressure, weight_loss, swelled_lymph_nodes, acidity,,,,,,,
Pneumonia, irritability, red_spots_over_body, swollen_blood_vessels, pain_during_bowel_movements,,,,,,,,,,,,,
Hepatitis E,itching, history_of_alcohol_consumption, irritability,,,,,,,,,,,,,,
Dimorphic hemmorhoids(piles), distention_of_abdomen, enlarged_thyroid, sinus_pressure, headache, stomach_bleeding, shivering, sweating, pain_during_bowel_movements,,,,,,,,,
Dengue, redness_of_eyes, back_pain, depression, continuous_sneezing, blurred_and_distorted_vision, yellowing_of_eyes,,,,,,,,,,,
Allergy, internal_itching, family_history,itching, sweating, excessive_hunger,,,,,,,,,,,,
Gastroenteritis, sweating, anxiety, puffy_face_and_eyes, distention_of_abdomen, blood_in_sputum,,,,,,,,,,,,
Migraine, constipation, cramps, throat_irritation, sweating, stomach_pain, neck_pain, continuous_sneezing,,,,,,,,,,
Peptic ulcer diseae, stiff_neck, spinning_movements, red_spots_over_body, stomach_bleeding,,,,,,,,,,,,,
AIDS, skin_peeling, puffy_face_and_eyes, spotting_ urination, lethargy, mucoid_sputum, movement_stiffness,,,,,,,,,,,
Gastroenteritis, pain_behind_the_eyes, cramps, anxiety, irritation_in_anus, chest_pain, weight_gain, acute_liver_failure, pain_in_anal_region,,,,,,,,,
Malaria, loss_of_appetite, swelling_joints, malaise, bladder_discomfort, hip_joint_pain, loss_of_smell,,,,,,,,,,,
Drug Reaction, pain_behind_the_eyes, abdominal_pain, unsteadiness,,,,,,,,,,,,,,
Chronic cholestasis, red_sore_around_nose, phlegm, excessive_hunger, neck_pain, enlarged_thyroid,,,,,,,,,,,,
Hypoglycemia, internal_itching, foul_smell_of urine, swelling_of_stomach,,,,,,,,,,,,,,
Migraine, family_history, prominent_veins_on_calf, continuous_feel_of_urine, burning_micturition,,,,,,,,,,,,,
Fungal infection, prominent_veins_on_calf, acute_liver_failure, loss_of_smell,,,,,,,,,,,,,,
Paralysis (brain hemorrhage), silver_like_dusting, muscle_weakness, fatigue, distention_of_abdomen, movement_stiffness, shivering, abdominal_pain, redness_of_eyes, bloody_stool,,,,,,,,
Drug Reaction, receiving_unsterile_injections, chest_pain, cramps, rusty_sputum, redness_of_eyes, continuous_feel_of_urine, blister, malaise,,,,,,,,,
Common Cold, blister, swollen_legs, painful_walking, red_sore_around_nose, loss_of_smell, bloody_stool, pain_during_bowel_movements, swollen_extremeties, internal_itching, receiving_blood_transfusion,,,,,,,
AIDS, dark_urine, abdominal_pain, distention_of_abdomen, mild_fever, receiving_unsterile_injections, blood_in_sputum,,,,,,,,,,,
Varicose veins, pain_in_anal_region, blackheads, irritation_in_anus, palpitations, muscle_weakness,,,,,,,,,,,,
Peptic ulcer diseae, nodal_skin_eruptions, fatigue, chills,,,,,,,,,,,,,,
Osteoarthristis, rusty_sputum, red_sore_around_nose, loss_of_smell, yellowish_skin,,,,,,,,,,,,,
AIDS, yellowish_skin, swelled_lymph_nodes, prominent_veins_on_calf, enlarged_thyroid, neck_pain, slurred_speech, cramps,,,,,,,,,,
(vertigo) Paroymsal  Positional Vertigo, diarrhoea, muscle_weakness, continuous_sneezing, irritability, puffy_face_and_eyes, sunken_eyes, pain_in_anal_region,,,,,,,,,,
GERD, high_fever, loss_of_smell, patches_in_throat,,,,,,,,,,,,,,
Urinary tract infection, joint_pain, abnormal_menstruation, diarrhoea, yellowish_skin, sinus_pressure,,,,,,,,,,,,
Heart attack, mood_swings, vomiting, swelling_of_stomach, irritation_in_anus, swollen_blood_vessels, small_dents_in_nails,,,,,,,,,,,
Dengue, watering_from_eyes, bruising, coma, headache, polyuria, dark_urine,,,,,,,,,,,
Jaundice, excessive_hunger, runny_nose, mucoid_sputum, anxiety,,,,,,,,,,,,,
(vertigo) Paroymsal  Positional Vertigo, nodal_skin_eruptions, knee_pain, continuous_sneezing, throat_irritation, internal_itching, swelled_lymph_nodes, depression, sinus_pressure, joint_pain,,,,,,,,
hepatitis A, neck_pain, enlarged_thyroid, hip_joint_pain, yellow_crust_ooze, foul_smell_of urine,,,,,,,,,,,,
Chronic cholestasis, congestion, family_history, malaise,,,,,,,,,,,,,,
Pneumonia, small_dents_in_nails, spotting_ urination, family_history, internal_itching, lethargy, stomach_pain, swollen_extremeties, nausea, continuous_feel_of_urine, foul_smell_of urine,,,,,,,
Hepatitis B, sunken_eyes, acute_liver_failure, phlegm, belly_pain, extra_marital_contacts, bladder_discomfort,,,,,,,,,,,
Hypertension , abnormal_menstruation, history_of_alcohol_consumption, fluid_overload,,,,,,,,,,,,,,
Drug Reaction, dehydration, nausea, loss_of_balance, brittle_nails, lack_of_concentration, pain_behind_the_eyes, pain_in_anal_region,,,,,,,,,,
Chronic cholestasis, distention_of_abdomen, spinning_movements, swollen_legs, receiving_unsterile_injections, small_dents_in_nails, continuous_feel_of_urine, swelling_joints, malaise, internal_itching,,,,,,,,
Pneumonia, receiving_unsterile_injections, lethargy, high_fever, irritation_in_anus, small_dents_in_nails, runny_nose, bladder_discomfort,,,,,,,,,,
Allergy, spinning_movements, headache, lethargy, dehydration, belly_pain, scurring, malaise, mucoid_sputum,,,,,,,,,
Heart attack, breathlessness, spotting_ urination, cold_hands_and_feets, irritability,,,,,,,,,,,,,
Hypoglycemia, bruising, swollen_extremeties, watering_from_eyes, yellow_urine, loss_of_smell, vomiting, painful_walking, muscle_wasting, congestion,,,,,,,,
Chicken pox, muscle_weakness, passage_of_gases, swollen_blood_vessels, weight_loss,,,,,,,,,,,,,
AIDS, puffy_face_and_eyes, palpitations, swelling_joints, shivering, nausea, silver_like_dusting, brittle_nails,,,,,,,,,,
GERD, enlarged_thyroid, receiving_blood_transfusion, red_spots_over_body, nausea, skin_rash, toxic_look_(typhos), irritation_in_anus, internal_itching,,,,,,,,,
Heart attack, belly_pain,, back_pain, dark_urine, constipation, throat_irritation,,,,,,,,,,,
Cervical spondylosis, pain_behind_the_eyes, dizziness, stomach_pain, nausea, coma, red_sore_around_nose, knee_pain, weakness_of_one_body_side, red_spots_over_body,,,,,,,,
Acne, yellow_urine, painful_walking, constipation, burning_micturition, skin_rash, restlessness, receiving_unsterile_injections, red_spots_over_body, small_dents_in_nails,,,,,,,,
hepatitis A, irritability, spinning_movements, mucoid_sputum, red_sore_around_nose, swelling_joints, loss_of_smell, sunken_eyes, swollen_legs, swollen_blood_vessels, constipation,,,,,,,
Acne, abnormal_menstruation, cough, passage_of_gases, mucoid_sputum, spotting_ urination, joint_pain, patches_in_throat, extra_marital_contacts,,,,,,,,,
Arthritis, visual_disturbances, red_spots_over_body, yellowing_of_eyes, swelling_of_stomach,,,,,,,,,,,,,
Fungal infection, muscle_weakness, loss_of_balance, blackheads, silver_like_dusting, mood_swings, pain_behind_the_eyes, blister, pus_filled_pimples,,,,,,,,,
Osteoarthristis, puffy_face_and_eyes, stomach_bleeding, blister, cramps, belly_pain, indigestion, burning_micturition, blackheads, red_spots_over_body, vomiting,,,,,,,
Psoriasis, blister, redness_of_eyes,itching,,,,,,,,,,,,,,
Jaundice, swollen_extremeties, altered_sensorium, congestion, movement_stiffness, pus_filled_pimples, stomach_bleeding,,,,,,,,,,,
Dengue, diarrhoea, red_spots_over_body, anxiety, swelling_of_stomach,,,,,,,,,,,,,
Drug Reaction, spotting_ urination, extra_marital_contacts, chest_pain, dark_urine, blister, history_of_alcohol_consumption, swelling_joints, inflammatory_nails, continuous_feel_of_urine, neck_pain,,,,,,,
Varicose veins, lethargy, cold_hands_and_feets, headache, blackheads, mild_fever, toxic_look_(typhos), back_pain,itching, constipation, depression,,,,,,,
Migraine, continuous_sneezing, blood_in_sputum, foul_smell_of urine,,,,,,,,,,,,,,
(vertigo) Paroymsal  Positional Vertigo, hip_joint_pain, blurred_and_distorted_vision, dehydration, pus_filled_pimples,,,,,,,,,,,,,
Osteoarthristis, bruising, internal_itching, skin_peeling, depression, sweating, weight_gain, lack_of_concentration,,,,,,,,,,
Dimorphic hemmorhoids(piles), dizziness, muscle_pain, swollen_legs, foul_smell_of urine, silver_like_dusting, fast_heart_rate, yellow_crust_ooze, indigestion, swollen_extremeties,,,,,,,,
Malaria, back_pain, brittle_nails, prominent_veins_on_calf, swelled_lymph_nodes, stomach_bleeding, ulcers_on_tongue,,,,,,,,,,,
Acne,itching, silver_like_dusting, indigestion, weight_loss, swelling_of_stomach, inflammatory_nails,,,,,,,,,,,
Chicken pox, painful_walking, patches_in_throat, stomach_bleeding, constipation, fluid_overload, cough, dizziness, swollen_legs, headache, prominent_veins_on_calf,,,,,,,
Chicken pox, unsteadiness, weakness_of_one_body_side, pain_behind_the_eyes, vomiting, joint_pain, loss_of_balance, swelled_lymph_nodes, belly_pain,,,,,,,,,
Diabetes , silver_like_dusting, obesity, acidity, high_fever, spotting_ urination, receiving_unsterile_injections,,,,,,,,,,,
Pneumonia, weight_gain, depression, drying_and_tingling_lips, cough, puffy_face_and_eyes, stomach_pain, blurred_and_distorted_vision, belly_pain, nodal_skin_eruptions, congestion,,,,,,,
Acne, congestion, watering_from_eyes, dark_urine,,,,,,,,,,,,,,
Dimorphic hemmorhoids(piles), receiving_unsterile_injections, swollen_blood_vessels, redness_of_eyes, constipation,itching, spinning_movements, cough, silver_like_dusting, joint_pain, spotting_ urination,,,,,,,
Typhoid, acute_liver_failure, patches_in_throat, movement_stiffness, bruising, swollen_blood_vessels, phlegm,,,,,,,,,,,
AIDS, throat_irritation, blood_in_sputum, muscle_wasting, yellowing_of_eyes,,,,,,,,,,,,,
Hepatitis E, abnormal_menstruation, swollen_blood_vessels, mild_fever, receiving_unsterile_injections, altered_sensorium, chest_pain, rusty_sputum,,,,,,,,,,
Common Cold, swelling_joints, yellowing_of_eyes, belly_pain, receiving_unsterile_injections,,,,,,,,,,,,,
Hepatitis E, pain_in_anal_region, mucoid_sputum, bladder_discomfort,,,,,,,,,,,,,,
Common Cold, fast_heart_rate, silver_like_dusting,, movement_stiffness,,,,,,,,,,,,,
Hypoglycemia, stomach_bleeding, back_pain, weakness_in_limbs, sinus_pressure, receiving_unsterile_injections, extra_marital_contacts, constipation,,,,,,,,,,
Bronchial Asthma, skin_peeling, high_fever, yellowing_of_eyes, cough, sinus_pressure, bladder_discomfort, stomach_pain, acidity, irritation_in_anus,,,,,,,,
Acne, inflammatory_nails, yellow_crust_ooze, obesity, passage_of_gases, rusty_sputum, sinus_pressure, fatigue, stomach_pain,,,,,,,,,
Urinary tract infection, scurring, swelling_joints, swollen_extremeties, chest_pain,,,,,,,,,,,,,
AIDS, yellowish_skin, receiving_unsterile_injections, depression, lethargy, mucoid_sputum, loss_of_balance, extra_marital_contacts, red_spots_over_body, vomiting, internal_itching,,,,,,,
Psoriasis, dark_urine, nausea, increased_appetite, mucoid_sputum, dizziness, excessive_hunger, sweating, cramps,,,,,,,,,
Hepatitis D, weight_gain, dark_urine, pus_filled_pimples, drying_and_tingling_lips, receiving_unsterile_injections, muscle_pain, depression, continuous_sneezing,,,,,,,,,
Hypertension , patches_in_throat, foul_smell_of urine, swelled_lymph_nodes,,,,,,,,,,,,,,
Migraine, receiving_unsterile_injections, polyuria, brittle_nails, altered_sensorium,,,,,,,,,,,,,
Acne, sunken_eyes, swelled_lymph_nodes, headache, visual_disturbances,,,,,,,,,,,,,
Bronchial Asthma, dehydration, throat_irritation, acute_liver_failure, puffy_face_and_eyes,,,,,,,,,,,,,
Hypothyroidism,itching, pus_filled_pimples, stiff_neck, toxic_look_(typhos), puffy_face_and_eyes, dischromic _patches, family_history, red_sore_around_nose,,,,,,,,,
Dengue, palpitations, lack_of_concentration, diarrhoea, acute_liver_failure, malaise, nausea,,,,,,,,,,,
GERD, loss_of_balance, scurring, depression, weight_gain, lethargy, breathlessness, cold_hands_and_feets, mood_swings, stomach_bleeding, foul_smell_of urine,,,,,,,
Drug Reaction,itching, slurred_speech, loss_of_appetite, weight_gain, fast_heart_rate, skin_peeling, passage_of_gases, anxiety,,,,,,,,,
Tuberculosis, weight_loss, family_history, bladder_discomfort, extra_marital_contacts, painful_walking, pain_in_anal_region, sweating, excessive_hunger, muscle_wasting, dizziness,,,,,,,
Hyperthyroidism, dizziness, swollen_legs, acidity, joint_pain, blurred_and_distorted_vision, dischromic _patches, headache, diarrhoea, muscle_wasting, bruising,,,,,,,
Alcoholic hepatitis, irregular_sugar_level, swollen_extremeties, altered_sensorium, pain_behind_the_eyes, dizziness,,,,,,,,,,,,
Cervical spondylosis, fast_heart_rate, blister, distention_of_abdomen, yellowing_of_eyes, pain_in_anal_region, puffy_face_and_eyes, neck_pain,,,,,,,,,,
Hepatitis D, acute_liver_failure, slurred_speech, bloody_stool,,,,,,,,,,,,,,
AIDS, sweating, yellowish_skin, nodal_skin_eruptions, enlarged_thyroid, continuous_feel_of_urine, chest_pain, runny_nose, foul_smell_of urine, bladder_discomfort, dizziness,,,,,,,
Gastroenteritis, pain_during_bowel_movements, receiving_blood_transfusion, stiff_neck,,,,,,,,,,,,,,
Varicose veins, fatigue, depression, loss_of_balance, yellow_crust_ooze,,,,,,,,,,,,,
hepatitis A, blurred_and_distorted_vision, stomach_bleeding, headache, throat_irritation, loss_of_balance,,,,,,,,,,,,
Hepatitis E, mucoid_sputum, skin_rash, stomach_bleeding, irritation_in_anus, abdominal_pain, internal_itching, spotting_ urination, dischromic _patches,,,,,,,,,
Diabetes , toxic_look_(typhos), dischromic _patches, ulcers_on_tongue, red_spots_over_body, knee_pain, shivering, distention_of_abdomen,,,,,,,,,,
Impetigo, breathlessness, red_spots_over_body, bladder_discomfort, bloody_stool,,,,,,,,,,,,,
Hepatitis D, swelled_lymph_nodes, muscle_weakness, chest_pain, irregular_sugar_level, stiff_neck,, spinning_movements, receiving_unsterile_injections, painful_walking, palpitations,,,,,,,
Chicken pox,, burning_micturition, bladder_discomfort, foul_smell_of urine, spinning_movements, stomach_bleeding, stomach_pain, acute_liver_failure,,,,,,,,,
Drug Reaction, acidity, loss_of_balance, yellowing_of_eyes, passage_of_gases,,,,,,,,,,,,,
Chronic cholestasis, bladder_discomfort, malaise, history_of_alcohol_consumption, back_pain, runny_nose, restlessness,,,,,,,,,,,
Hyperthyroidism, loss_of_smell, continuous_sneezing, weight_gain,,,,,,,,,,,,,,
Hepatitis C, spotting_ urination, family_history, congestion, fluid_overload, dark_urine, history_of_alcohol_consumption, weakness_of_one_body_side, excessive_hunger, continuous_sneezing, blood_in_sputum,,,,,,,
Cervical spondylosis, palpitations, swelling_of_stomach, increased_appetite, muscle_weakness, scurring, weakness_in_limbs, ulcers_on_tongue,,,,,,,,,,
Urinary tract infection, yellowish_skin, extra_marital_contacts, belly_pain, fatigue, abdominal_pain, runny_nose, spotting_ urination,,,,,,,,,,
hepatitis A, swollen_extremeties, sunken_eyes, slurred_speech, irritation_in_anus, constipation, patches_in_throat, muscle_weakness,,,,,,,,,,
Hyperthyroidism, vomiting, belly_pain, brittle_nails, pain_during_bowel_movements,,,,,,,,,,,,,
Drug Reaction, sweating, cold_hands_and_feets, stiff_neck, enlarged_thyroid, swelled_lymph_nodes, burning_micturition, extra_marital_contacts, restlessness, skin_rash,,,,,,,,
Acne, spotting_ urination, unsteadiness, throat_irritation, muscle_wasting, fatigue, mucoid_sputum, irritability, swollen_blood_vessels, silver_like_dusting, breathlessness,,,,,,,
Cervical spondylosis, sweating, acute_liver_failure, joint_pain, redness_of_eyes, swollen_extremeties, red_spots_over_body,,,,,,,,,,,
hepatitis A, stomach_pain, congestion, passage_of_gases, obesity, sinus_pressure, lethargy, altered_sensorium, fast_heart_rate,,,,,,,,,
Diabetes , irritation_in_anus, scurring, swollen_legs, dizziness, abnormal_menstruation,,,,,,,,,,,,
Alcoholic hepatitis, lack_of_concentration, belly_pain, vomiting, cold_hands_and_feets, diarrhoea, blurred_and_distorted_vision, yellow_crust_ooze,,,,,,,,,,
hepatitis A, throat_irritation, receiving_unsterile_injections, yellowing_of_eyes, yellow_crust_ooze,,,,,,,,,,,,,
Hepatitis D, continuous_feel_of_urine, weight_loss, ulcers_on_tongue, weakness_of_one_body_side, altered_sensorium, irritability, neck_pain, dizziness, yellow_crust_ooze, muscle_wasting,,,,,,,
Urinary tract infection, swelling_of_stomach, drying_and_tingling_lips, shivering, extra_marital_contacts, stomach_bleeding,,,,,,,,,,,,
Malaria, blood_in_sputum,, red_sore_around_nose, watering_from_eyes,,,,,,,,,,,,,
Peptic ulcer diseae, prominent_veins_on_calf, swelling_joints,, swelling_of_stomach, cough, yellow_urine, stiff_neck, foul_smell_of urine, fast_heart_rate, spotting_ urination,,,,,,,
Peptic ulcer diseae, muscle_wasting, fast_heart_rate, abnormal_menstruation, loss_of_smell, altered_sensorium, mild_fever, watering_from_eyes,,,,,,,,,,
Hyperthyroidism, patches_in_throat, swelled_lymph_nodes, muscle_wasting,,,,,,,,,,,,,,
Pneumonia, muscle_pain, blister, weight_loss, neck_pain, weight_gain, hip_joint_pain, dark_urine, stomach_bleeding, mood_swings, weakness_of_one_body_side,,,,,,,
Heart attack, knee_pain, pain_during_bowel_movements, vomiting, visual_disturbances, shivering, back_pain, blister, receiving_unsterile_injections,,,,,,,,,
Dengue, irritability, weight_gain, throat_irritation, lack_of_concentration, stomach_bleeding,,,,,,,,,,,,
Osteoarthristis, blurred_and_distorted_vision, weakness_in_limbs, drying_and_tingling_lips, excessive_hunger, stomach_bleeding, irritability, runny_nose, bladder_discomfort, headache,,,,,,,,
Hyperthyroidism, swollen_extremeties, stomach_pain, bruising, continuous_feel_of_urine,,,,,,,,,,,,,
Urinary tract infection, irregular_sugar_level, pain_in_anal_region,, extra_marital_contacts,,,,,,,,,,,,,
Dimorphic hemmorhoids(piles), movement_stiffness, breathlessness, unsteadiness,,,,,,,,,,,,,,
Hypoglycemia, back_pain, toxic_look_(typhos), dark_urine,,,,,,,,,,,,,,
Hypothyroidism, yellowish_skin, pain_behind_the_eyes, acidity,,,,,,,,,,,,,,
Hepatitis C, polyuria, stiff_neck, joint_pain, weight_loss,,,,,,,,,,,,,
Hepatitis E, painful_walking, red_sore_around_nose, fast_heart_rate, spinning_movements,,,,,,,,,,,,,
Cervical spondylosis, small_dents_in_nails, swollen_extremeties, diarrhoea, watering_from_eyes, restlessness, congestion,,,,,,,,,,,
Hepatitis E, scurring, headache, muscle_wasting,,,,,,,,,,,,,,
Tuberculosis, irritability, lack_of_concentration, polyuria,,,,,,,,,,,,,,
Hypoglycemia, neck_pain, red_sore_around_nose, hip_joint_pain, weight_gain, back_pain, yellow_urine, headache, knee_pain, receiving_unsterile_injections,,,,,,,,
Dimorphic hemmorhoids(piles), visual_disturbances, weakness_in_limbs, cough, toxic_look_(typhos), brittle_nails,,,,,,,,,,,,
Hyperthyroidism, altered_sensorium, irritation_in_anus, depression, history_of_alcohol_consumption, irritability,,,,,,,,,,,,
Acne, cramps, mood_swings, abnormal_menstruation, pus_filled_pimples, coma, vomiting, foul_smell_of urine, abdominal_pain, increased_appetite, diarrhoea,,,,,,,
Cervical spondylosis, joint_pain, acute_liver_failure, receiving_unsterile_injections, spotting_ urination, family_history, foul_smell_of urine,,,,,,,,,,,
Hepatitis B, congestion, weight_loss, runny_nose,,,,,,,,,,,,,,
Tuberculosis, depression, rusty_sputum, red_sore_around_nose,, yellowing_of_eyes, blood_in_sputum, sinus_pressure, pain_in_anal_region, acidity,,,,,,,,
Hepatitis B, knee_pain, burning_micturition, swollen_blood_vessels, blister, swelling_of_stomach, sweating, irritability,,,,,,,,,,
Jaundice, continuous_sneezing, red_spots_over_body, swelling_joints, hip_joint_pain, small_dents_in_nails,,,,,,,,,,,,
Hypothyroidism, puffy_face_and_eyes, altered_sensorium, acidity, polyuria, increased_appetite,,,,,,,,,,,,
Dimorphic hemmorhoids(piles), skin_peeling, movement_stiffness, puffy_face_and_eyes, yellowing_of_eyes, headache, brittle_nails, dischromic _patches, receiving_blood_transfusion,,,,,,,,,
Alcoholic hepatitis, pus_filled_pimples, stomach_bleeding, chills, pain_during_bowel_movements,,,,,,,,,,,,,
Diabetes , red_sore_around_nose, patches_in_throat, continuous_feel_of_urine, blood_in_sputum, dark_urine, drying_and_tingling_lips,,,,,,,,,,,
Hyperthyroidism, unsteadiness, irregular_sugar_level, diarrhoea, pain_in_anal_region, weight_gain, altered_sensorium, dehydration, lethargy, stomach_pain, blister,,,,,,,
Hepatitis C, neck_pain, weight_gain, small_dents_in_nails, family_history, abnormal_menstruation, swollen_extremeties, mild_fever, runny_nose,,,,,,,,,
Fungal infection, weight_loss, malaise, slurred_speech, mucoid_sputum, passage_of_gases,,,,,,,,,,,,
Chronic cholestasis, cough, swelled_lymph_nodes, bruising, increased_appetite, dizziness, pain_in_anal_region, movement_stiffness, joint_pain, slurred_speech,,,,,,,,
Jaundice, phlegm, skin_rash, throat_irritation, stiff_neck,,,,,,,,,,,,,
Heart attack, receiving_blood_transfusion, mood_swings, blister,,,,,,,,,,,,,,
Hepatitis C, runny_nose, weakness_of_one_body_side, dischromic _patches, malaise, dehydration, hip_joint_pain, receiving_blood_transfusion, excessive_hunger,,,,,,,,,
Common Cold, stomach_bleeding, unsteadiness, yellow_urine, shivering, mild_fever, yellow_crust_ooze,,,,,,,,,,,
hepatitis A, swollen_extremeties, mild_fever, family_history,,,,,,,,,,,,,,
Paralysis (brain hemorrhage), dischromic _patches, skin_peeling, pain_during_bowel_movements, toxic_look_(typhos), obesity, puffy_face_and_eyes, muscle_pain, stomach_pain, patches_in_throat, stiff_neck,,,,,,,
Jaundice,, muscle_pain, bladder_discomfort, blood_in_sputum, skin_rash, unsteadiness, increased_appetite,,,,,,,,,,
Allergy, spinning_movements, dehydration, continuous_feel_of_urine, red_sore_around_nose, mucoid_sputum,,,,,,,,,,,,
Osteoarthristis, back_pain, small_dents_in_nails, malaise, congestion, dehydration, pain_behind_the_eyes, dischromic _patches, sweating, indigestion, swollen_blood_vessels,,,,,,,
Hepatitis B, palpitations, family_history, shivering, stomach_pain, passage_of_gases, receiving_blood_transfusion, polyuria, yellowing_of_eyes,,,,,,,,,
Hepatitis B, distention_of_abdomen, indigestion, sweating, enlarged_thyroid, stiff_neck, knee_pain,,,,,,,,,,,
Tuberculosis, swollen_extremeties, joint_pain, distention_of_abdomen, weakness_of_one_body_side, runny_nose, stomach_pain, breathlessness, yellow_urine,,,,,,,,,
(vertigo) Paroymsal  Positional Vertigo, prominent_veins_on_calf, burning_micturition, scurring, indigestion, mild_fever,,,,,,,,,,,,
Paralysis (brain hemorrhage), increased_appetite, weight_gain, shivering, chest_pain,,,,,,,,,,,,,
Chicken pox, muscle_weakness, fatigue, abdominal_pain, weight_loss, redness_of_eyes, swollen_blood_vessels, high_fever, indigestion, blackheads,,,,,,,,
Jaundice, fluid_overload, puffy_face_and_eyes, drying_and_tingling_lips, spotting_ urination, distention_of_abdomen, sinus_pressure, history_of_alcohol_consumption, enlarged_thyroid, throat_irritation,,,,,,,,
Urinary tract infection, blister, drying_and_tingling_lips, dehydration, unsteadiness, high_fever, mood_swings, polyuria, fluid_overload,,,,,,,,,
Migraine, irritation_in_anus, dehydration, knee_pain, muscle_weakness, watering_from_eyes, high_fever,,,,,,,,,,,
Tuberculosis, obesity, slurred_speech, pus_filled_pimples, chills, increased_appetite,,,,,,,,,,,,
Diabetes , dizziness, diarrhoea, skin_peeling, spinning_movements,itching, foul_smell_of urine,,,,,,,,,,,
GERD, swelling_joints, mood_swings, acute_liver_failure, constipation, mild_fever, loss_of_smell, muscle_pain, swelled_lymph_nodes, polyuria,,,,,,,,
Migraine, yellowing_of_eyes, obesity, pain_in_anal_region, cold_hands_and_feets,,,,,,,,,,,,,
(vertigo) Paroymsal  Positional Vertigo, fatigue, small_dents_in_nails, extra_marital_contacts, continuous_sneezing, stiff_neck, back_pain,,,,,,,,,,,
Malaria, red_spots_over_body, spinning_movements, dehydration, mild_fever, cramps,,,,,,,,,,,,
Hepatitis D, rusty_sputum, increased_appetite, diarrhoea,,,,,,,,,,,,,,
Hepatitis C, irregular_sugar_level, lack_of_concentration, foul_smell_of urine, altered_sensorium, polyuria, joint_pain, restlessness, cramps,,,,,,,,,
Tuberculosis, watering_from_eyes, yellowish_skin, nausea, coma, increased_appetite, blood_in_sputum, swelled_lymph_nodes,,,,,,,,,,
Heart attack, joint_pain, dark_urine, mild_fever, fluid_overload, painful_walking, headache, patches_in_throat, receiving_blood_transfusion, nodal_skin_eruptions,,,,,,,,
Paralysis (brain hemorrhage), runny_nose, mood_swings, painful_walking, yellow_crust_ooze, weakness_of_one_body_side,,,,,,,,,,,,
Peptic ulcer diseae, nausea, irregular_sugar_level, breathlessness, swelled_lymph_nodes, blood_in_sputum, pain_behind_the_eyes,,,,,,,,,,,
Arthritis, pain_behind_the_eyes, blood_in_sputum, belly_pain, rusty_sputum, blackheads,, stomach_pain, cramps,,,,,,,,,
Psoriasis, continuous_sneezing, headache, enlarged_thyroid, hip_joint_pain, blood_in_sputum, chest_pain, loss_of_balance, brittle_nails, red_spots_over_body, restlessness,,,,,,,
hepatitis A, joint_pain, drying_and_tingling_lips, chills, history_of_alcohol_consumption, acidity, polyuria, depression, cramps, swelled_lymph_nodes, weakness_in_limbs,,,,,,,
Typhoid, skin_rash, pus_filled_pimples, red_spots_over_body, blurred_and_distorted_vision, weight_loss, pain_during_bowel_movements, back_pain, loss_of_appetite,,,,,,,,,
Hyperthyroidism, loss_of_appetite, enlarged_thyroid, receiving_unsterile_injections, irregular_sugar_level, cramps, mucoid_sputum, drying_and_tingling_lips, runny_nose, muscle_weakness,,,,,,,,
Dimorphic hemmorhoids(piles), ulcers_on_tongue, bloody_stool, prominent_veins_on_calf, visual_disturbances, family_history, slurred_speech, pain_during_bowel_movements,,,,,,,,,,
Jaundice, irritation_in_anus, joint_pain, excessive_hunger, scurring, painful_walking,,,,,,,,,,,,
Diabetes , weight_loss, weight_gain, muscle_pain, high_fever,,,,,,,,,,,,,
hepatitis A, spotting_ urination, cramps, internal_itching,,,,,,,,,,,,,,
hepatitis A, pain_behind_the_eyes, neck_pain, yellowing_of_eyes, hip_joint_pain, anxiety, yellow_crust_ooze, inflammatory_nails, muscle_wasting,,,,,,,,,
Hypoglycemia, cramps, constipation, redness_of_eyes, joint_pain, weakness_in_limbs, irritation_in_anus, bruising,,,,,,,,,,
Typhoid, increased_appetite, burning_micturition, ulcers_on_tongue, fluid_overload, internal_itching, loss_of_appetite,,,,,,,,,,,
Jaundice, pain_during_bowel_movements, spinning_movements, family_history, polyuria, fluid_overload, phlegm, bruising, muscle_weakness,,,,,,,,,
Gastroenteritis, lack_of_concentration, brittle_nails, pus_filled_pimples, swelling_of_stomach, sinus_pressure, distention_of_abdomen, yellow_urine, abdominal_pain, receiving_blood_transfusion,,,,,,,,
Bronchial Asthma, skin_rash, pus_filled_pimples, congestion,,,,,,,,,,,,,,
Hypoglycemia, indigestion, drying_and_tingling_lips, watering_from_eyes, palpitations,,,,,,,,,,,,,
Acne, pain_during_bowel_movements, nausea, neck_pain, sweating, foul_smell_of urine, altered_sensorium, cough, weight_loss, palpitations, dizziness,,,,,,,
Diabetes , nausea, polyuria, depression, slurred_speech, inflammatory_nails, breathlessness, loss_of_appetite, visual_disturbances,,,,,,,,,
Hepatitis D, loss_of_appetite, silver_like_dusting, redness_of_eyes,,,,,,,,,,,,,,
